Date,Signal Type,Rank,Ticker,Name,Entry Price,Trend Score,Range Momentum,3M Momentum,Entry Score,Entry Quality,Fundamental Score,Fundamental Quality,Signal Score
2026-05-13,Short Term,1,EOG,"EOG Resources, Inc.",134.92999267578125,0.69,0.38,0.15,9,Sehr gut,9,Hoch,20.5
2026-05-13,Short Term,2,FSLR,"First Solar, Inc.",234.6000061035156,0.66,0.32,0.06,8,Sehr gut,10,Hoch,19.0
2026-05-13,Short Term,3,BLK,"BlackRock, Inc.",1094.0999755859375,0.61,0.22,0.04,8,Sehr gut,10,Hoch,17.0
2026-05-13,Short Term,4,OMCL,"Omnicell, Inc.",43.16999816894531,0.58,0.16,0.19,7,Gut,3,Niedrig,16.5
2026-05-13,Short Term,5,C,"Citigroup, Inc.",124.0999984741211,0.84,0.67,0.12,7,Gut,9,Hoch,15.5
2026-05-13,Short Term,6,ANET,"Arista Networks, Inc.",140.69000244140625,0.59,0.18,0.04,7,Gut,9,Hoch,15.5
2026-05-13,Short Term,7,MP,MP Materials Corp.,63.72999954223633,0.55,0.1,0.11,6,Gut,2,Niedrig,15.0
2026-05-13,Short Term,8,DRS,"Leonardo DRS, Inc.",42.5,0.61,0.22,0.13,6,Gut,4,Niedrig,15.0
2026-05-13,Long Term,1,NVDA,NVIDIA Corporation,225.8300018310547,0.98,0.96,0.21,6,Gut,10,Hoch,25.96
2026-05-13,Long Term,2,TD,Toronto Dominion Bank (The),106.54000091552734,0.94,0.88,0.12,6,Gut,10,Hoch,25.88
2026-05-13,Long Term,3,EOG,"EOG Resources, Inc.",134.92999267578125,0.69,0.38,0.15,9,Sehr gut,9,Hoch,24.38
2026-05-13,Long Term,4,FSLR,"First Solar, Inc.",234.6000061035156,0.66,0.32,0.06,8,Sehr gut,10,Hoch,24.32
2026-05-13,Long Term,5,BLK,"BlackRock, Inc.",1094.0999755859375,0.61,0.22,0.04,8,Sehr gut,10,Hoch,24.22
2026-05-13,Long Term,6,MS,Morgan Stanley,193.8300018310547,0.98,0.97,0.16,6,Gut,9,Hoch,23.96
2026-05-13,Long Term,7,C,"Citigroup, Inc.",124.0999984741211,0.84,0.67,0.12,7,Gut,9,Hoch,23.68
2026-05-13,Long Term,8,NEM,Newmont Corporation,118.95999908447266,0.82,0.64,0.01,6,Gut,10,Hoch,23.64
2026-05-13,Early Play,1,ORCL,Oracle Corporation,189.759994506836,0.26,-0.47,0.22,3,Riskant,9,Hoch,28.0
2026-05-13,Early Play,2,ANET,"Arista Networks, Inc.",140.69000244140625,0.59,0.18,0.04,7,Gut,9,Hoch,28.0
2026-05-13,Early Play,3,NFLX,"Netflix, Inc.",87.55999755859375,0.21,-0.58,0.15,3,Riskant,8,Hoch,26.0
2026-05-13,Early Play,4,NVDA,NVIDIA Corporation,225.8300018310547,0.98,0.96,0.21,6,Gut,10,Hoch,25.0
2026-05-13,Early Play,5,BLK,"BlackRock, Inc.",1094.0999755859375,0.61,0.22,0.04,8,Sehr gut,10,Hoch,25.0
2026-05-13,Early Play,6,NU,Nu Holdings Ltd.,12.81999969482422,0.15,-0.69,-0.25,0,Riskant,10,Hoch,25.0
2026-05-13,Early Play,7,TD,Toronto Dominion Bank (The),106.54000091552734,0.94,0.88,0.12,6,Gut,10,Hoch,25.0
2026-05-13,Early Play,8,META,"Meta Platforms, Inc.",616.6300048828125,0.35,-0.3,-0.05,3,Riskant,10,Hoch,25.0
2026-05-14,Short Term,1,FSLR,"First Solar, Inc.",231.6199951171875,0.64,0.28,0.03,8,Sehr gut,10,Hoch,17.0
2026-05-14,Short Term,2,BLK,"BlackRock, Inc.",1104.030029296875,0.64,0.29,0.04,8,Sehr gut,10,Hoch,17.0
2026-05-14,Short Term,3,OMCL,"Omnicell, Inc.",43.79999923706055,0.6,0.2,0.2,7,Gut,3,Niedrig,16.5
2026-05-14,Short Term,4,C,"Citigroup, Inc.",124.81999969482422,0.85,0.7,0.13,7,Gut,9,Hoch,15.5
2026-05-14,Short Term,5,EOG,"EOG Resources, Inc.",135.99000549316406,0.71,0.42,0.14,7,Gut,9,Hoch,15.5
2026-05-14,Short Term,6,ANET,"Arista Networks, Inc.",147.80999755859375,0.67,0.33,0.04,7,Gut,9,Hoch,15.5
2026-05-14,Short Term,7,APO,"Apollo Global Management, Inc. ",135.52000427246094,0.64,0.29,0.09,6,Gut,2,Niedrig,15.0
2026-05-14,Short Term,8,DRS,"Leonardo DRS, Inc.",42.86000061035156,0.63,0.26,0.13,6,Gut,4,Niedrig,15.0
2026-05-14,Long Term,1,TD,Toronto Dominion Bank (The),108.23999786376952,0.98,0.96,0.14,6,Gut,10,Hoch,25.96
2026-05-14,Long Term,2,BLK,"BlackRock, Inc.",1104.030029296875,0.64,0.29,0.04,8,Sehr gut,10,Hoch,24.28
2026-05-14,Long Term,3,FSLR,"First Solar, Inc.",231.6199951171875,0.64,0.28,0.03,8,Sehr gut,10,Hoch,24.28
2026-05-14,Long Term,4,MS,Morgan Stanley,194.52999877929688,0.96,0.92,0.14,6,Gut,9,Hoch,23.92
2026-05-14,Long Term,5,C,"Citigroup, Inc.",124.81999969482422,0.85,0.7,0.13,7,Gut,9,Hoch,23.7
2026-05-14,Long Term,6,CF,"CF Industries Holdings, Inc.",122.97000122070312,0.72,0.43,0.3,7,Gut,9,Hoch,23.44
2026-05-14,Long Term,7,EOG,"EOG Resources, Inc.",135.99000549316406,0.71,0.42,0.14,7,Gut,9,Hoch,23.42
2026-05-14,Long Term,8,KGC,Kinross Gold Corporation,30.88999938964844,0.68,0.37,-0.1,6,Gut,10,Hoch,23.36
2026-05-14,Early Play,1,ORCL,Oracle Corporation,195.6100006103516,0.29,-0.41,0.23,3,Riskant,9,Hoch,28.0
2026-05-14,Early Play,2,NFLX,"Netflix, Inc.",86.94000244140625,0.2,-0.6,0.13,3,Riskant,8,Hoch,26.0
2026-05-14,Early Play,3,FIS,Fidelity National Information S,41.810001373291016,0.0,-0.99,-0.1,1,Riskant,10,Hoch,25.0
2026-05-14,Early Play,4,NU,Nu Holdings Ltd.,12.93000030517578,0.17,-0.66,-0.23,0,Riskant,10,Hoch,25.0
2026-05-14,Early Play,5,NVO,Novo Nordisk A/S,45.79999923706055,0.26,-0.48,-0.04,1,Riskant,10,Hoch,25.0
2026-05-14,Early Play,6,META,"Meta Platforms, Inc.",618.4299926757812,0.36,-0.28,-0.03,3,Riskant,10,Hoch,25.0
2026-05-14,Early Play,7,TD,Toronto Dominion Bank (The),108.23999786376952,0.98,0.96,0.14,6,Gut,10,Hoch,25.0
2026-05-14,Early Play,8,BLK,"BlackRock, Inc.",1104.030029296875,0.64,0.29,0.04,8,Sehr gut,10,Hoch,25.0
2026-05-15,Short Term,1,FSLR,"First Solar, Inc.",233.3699951171875,0.65,0.3,0.03,8,Sehr gut,10,Hoch,17.0
2026-05-15,Short Term,2,BLK,"BlackRock, Inc.",1081.9000244140625,0.57,0.13,0.01,8,Sehr gut,10,Hoch,17.0
2026-05-15,Short Term,3,JD,"JD.com, Inc.",32.0099983215332,0.7,0.4,0.21,7,Gut,2,Niedrig,16.5
2026-05-15,Short Term,4,OMCL,"Omnicell, Inc.",43.119998931884766,0.58,0.16,0.15,7,Gut,3,Niedrig,16.5
2026-05-15,Short Term,5,SHEL,Shell PLC,85.36000061035156,0.7,0.39,0.11,7,Gut,4,Niedrig,16.5
2026-05-15,Short Term,6,EOG,"EOG Resources, Inc.",140.25999450683594,0.79,0.59,0.18,7,Gut,9,Hoch,15.5
2026-05-15,Short Term,7,NIO,NIO Inc.,6.099999904632568,0.59,0.18,0.24,6,Gut,2,Niedrig,15.0
2026-05-15,Short Term,8,APO,"Apollo Global Management, Inc. ",135.3800048828125,0.64,0.28,0.09,6,Gut,2,Niedrig,15.0
2026-05-15,Long Term,1,TD,Toronto Dominion Bank (The),107.63999938964844,0.97,0.93,0.13,6,Gut,10,Hoch,25.94
2026-05-15,Long Term,2,NVDA,NVIDIA Corporation,225.32000732421875,0.9,0.79,0.22,6,Gut,10,Hoch,25.8
2026-05-15,Long Term,3,FSLR,"First Solar, Inc.",233.3699951171875,0.65,0.3,0.03,8,Sehr gut,10,Hoch,24.3
2026-05-15,Long Term,4,BLK,"BlackRock, Inc.",1081.9000244140625,0.57,0.13,0.01,8,Sehr gut,10,Hoch,24.14
2026-05-15,Long Term,5,MS,Morgan Stanley,192.509994506836,0.93,0.87,0.13,6,Gut,9,Hoch,23.86
2026-05-15,Long Term,6,C,"Citigroup, Inc.",123.41999816894533,0.83,0.65,0.09,6,Gut,9,Hoch,23.66
2026-05-15,Long Term,7,EOG,"EOG Resources, Inc.",140.25999450683594,0.79,0.59,0.18,7,Gut,9,Hoch,23.58
2026-05-15,Long Term,8,CF,"CF Industries Holdings, Inc.",125.23999786376952,0.75,0.5,0.34,7,Gut,9,Hoch,23.5
2026-05-15,Early Play,1,BLK,"BlackRock, Inc.",1081.9000244140625,0.57,0.13,0.01,8,Sehr gut,10,Hoch,27.0
2026-05-15,Early Play,2,MSFT,Microsoft Corporation,421.9200134277344,0.33,-0.33,0.07,2,Riskant,8,Hoch,26.0
2026-05-15,Early Play,3,DSGX,The Descartes Systems Group Inc,67.69999694824219,0.09,-0.81,0.04,2,Riskant,8,Hoch,26.0
2026-05-15,Early Play,4,NFLX,"Netflix, Inc.",87.0199966430664,0.2,-0.59,0.13,3,Riskant,8,Hoch,26.0
2026-05-15,Early Play,5,META,"Meta Platforms, Inc.",614.22998046875,0.34,-0.31,-0.04,1,Riskant,10,Hoch,25.0
2026-05-15,Early Play,6,AEM,Agnico Eagle Mines Limited,180.3300018310547,0.51,0.02,-0.15,4,Neutral,10,Hoch,25.0
2026-05-15,Early Play,7,TD,Toronto Dominion Bank (The),107.63999938964844,0.97,0.93,0.13,6,Gut,10,Hoch,25.0
2026-05-15,Early Play,8,FIS,Fidelity National Information S,41.79999923706055,0.01,-0.98,-0.11,0,Riskant,10,Hoch,25.0
2026-05-16,Short Term,1,FSLR,"First Solar, Inc.",233.3699951171875,0.65,0.3,0.03,8,Sehr gut,10,Hoch,17.0
2026-05-16,Short Term,2,BLK,"BlackRock, Inc.",1081.9000244140625,0.57,0.13,0.01,8,Sehr gut,10,Hoch,17.0
2026-05-16,Short Term,3,JD,"JD.com, Inc.",32.0099983215332,0.7,0.4,0.21,7,Gut,2,Niedrig,16.5
2026-05-16,Short Term,4,OMCL,"Omnicell, Inc.",43.119998931884766,0.58,0.16,0.15,7,Gut,3,Niedrig,16.5
2026-05-16,Short Term,5,SHEL,Shell PLC,85.36000061035156,0.7,0.39,0.11,7,Gut,4,Niedrig,16.5
2026-05-16,Short Term,6,EOG,"EOG Resources, Inc.",140.25999450683594,0.79,0.59,0.18,7,Gut,9,Hoch,15.5
2026-05-16,Short Term,7,NIO,NIO Inc.,6.099999904632568,0.59,0.18,0.24,6,Gut,2,Niedrig,15.0
2026-05-16,Short Term,8,APO,"Apollo Global Management, Inc. ",135.3800048828125,0.64,0.28,0.09,6,Gut,2,Niedrig,15.0
2026-05-16,Long Term,1,TD,Toronto Dominion Bank (The),107.63999938964844,0.97,0.93,0.13,6,Gut,10,Hoch,25.94
2026-05-16,Long Term,2,NVDA,NVIDIA Corporation,225.32000732421875,0.9,0.79,0.22,6,Gut,10,Hoch,25.8
2026-05-16,Long Term,3,FSLR,"First Solar, Inc.",233.3699951171875,0.65,0.3,0.03,8,Sehr gut,10,Hoch,24.3
2026-05-16,Long Term,4,BLK,"BlackRock, Inc.",1081.9000244140625,0.57,0.13,0.01,8,Sehr gut,10,Hoch,24.14
2026-05-16,Long Term,5,MS,Morgan Stanley,192.509994506836,0.93,0.87,0.13,6,Gut,9,Hoch,23.86
2026-05-16,Long Term,6,C,"Citigroup, Inc.",123.41999816894533,0.83,0.65,0.09,6,Gut,9,Hoch,23.66
2026-05-16,Long Term,7,EOG,"EOG Resources, Inc.",140.25999450683594,0.79,0.59,0.18,7,Gut,9,Hoch,23.58
2026-05-16,Long Term,8,CF,"CF Industries Holdings, Inc.",125.23999786376952,0.76,0.52,0.34,7,Gut,9,Hoch,23.52
2026-05-16,Early Play,1,BLK,"BlackRock, Inc.",1081.9000244140625,0.57,0.13,0.01,8,Sehr gut,10,Hoch,27.0
2026-05-16,Early Play,2,MSFT,Microsoft Corporation,421.9200134277344,0.33,-0.33,0.07,2,Riskant,8,Hoch,26.0
2026-05-16,Early Play,3,NFLX,"Netflix, Inc.",87.0199966430664,0.2,-0.59,0.13,3,Riskant,8,Hoch,26.0
2026-05-16,Early Play,4,DSGX,The Descartes Systems Group Inc,67.69999694824219,0.09,-0.81,0.04,2,Riskant,8,Hoch,26.0
2026-05-16,Early Play,5,AEM,Agnico Eagle Mines Limited,180.3300018310547,0.51,0.02,-0.15,4,Neutral,10,Hoch,25.0
2026-05-16,Early Play,6,META,"Meta Platforms, Inc.",614.22998046875,0.34,-0.31,-0.04,1,Riskant,10,Hoch,25.0
2026-05-16,Early Play,7,TD,Toronto Dominion Bank (The),107.63999938964844,0.97,0.93,0.13,6,Gut,10,Hoch,25.0
2026-05-16,Early Play,8,KGC,Kinross Gold Corporation,28.3799991607666,0.59,0.17,-0.15,5,Neutral,10,Hoch,25.0
2026-05-17,Short Term,1,FSLR,"First Solar, Inc.",233.3699951171875,0.65,0.3,0.03,8,Sehr gut,10,Hoch,17.0
2026-05-17,Short Term,2,BLK,"BlackRock, Inc.",1081.9000244140625,0.57,0.13,0.01,8,Sehr gut,10,Hoch,17.0
2026-05-17,Short Term,3,JD,"JD.com, Inc.",32.0099983215332,0.7,0.4,0.21,7,Gut,2,Niedrig,16.5
2026-05-17,Short Term,4,OMCL,"Omnicell, Inc.",43.119998931884766,0.58,0.16,0.15,7,Gut,3,Niedrig,16.5
2026-05-17,Short Term,5,SHEL,Shell PLC,85.36000061035156,0.7,0.39,0.11,7,Gut,4,Niedrig,16.5
2026-05-17,Short Term,6,EOG,"EOG Resources, Inc.",140.25999450683594,0.79,0.59,0.18,7,Gut,9,Hoch,15.5
2026-05-17,Short Term,7,NIO,NIO Inc.,6.099999904632568,0.59,0.18,0.24,6,Gut,2,Niedrig,15.0
2026-05-17,Short Term,8,APO,"Apollo Global Management, Inc. ",135.3800048828125,0.64,0.28,0.09,6,Gut,2,Niedrig,15.0
2026-05-17,Long Term,1,TD,Toronto Dominion Bank (The),107.63999938964844,0.97,0.93,0.13,6,Gut,10,Hoch,25.94
2026-05-17,Long Term,2,NVDA,NVIDIA Corporation,225.32000732421875,0.9,0.79,0.22,6,Gut,10,Hoch,25.8
2026-05-17,Long Term,3,FSLR,"First Solar, Inc.",233.3699951171875,0.65,0.3,0.03,8,Sehr gut,10,Hoch,24.3
2026-05-17,Long Term,4,BLK,"BlackRock, Inc.",1081.9000244140625,0.57,0.13,0.01,8,Sehr gut,10,Hoch,24.14
2026-05-17,Long Term,5,MS,Morgan Stanley,192.509994506836,0.93,0.87,0.13,6,Gut,9,Hoch,23.86
2026-05-17,Long Term,6,C,"Citigroup, Inc.",123.41999816894533,0.83,0.65,0.09,6,Gut,9,Hoch,23.66
2026-05-17,Long Term,7,EOG,"EOG Resources, Inc.",140.25999450683594,0.79,0.59,0.18,7,Gut,9,Hoch,23.58
2026-05-17,Long Term,8,CF,"CF Industries Holdings, Inc.",125.23999786376952,0.76,0.52,0.34,7,Gut,9,Hoch,23.52
2026-05-17,Early Play,1,BLK,"BlackRock, Inc.",1081.9000244140625,0.57,0.13,0.01,8,Sehr gut,10,Hoch,27.0
2026-05-17,Early Play,2,MSFT,Microsoft Corporation,421.9200134277344,0.33,-0.33,0.07,2,Riskant,8,Hoch,26.0
2026-05-17,Early Play,3,NFLX,"Netflix, Inc.",87.0199966430664,0.2,-0.59,0.13,3,Riskant,8,Hoch,26.0
2026-05-17,Early Play,4,DSGX,The Descartes Systems Group Inc,67.69999694824219,0.09,-0.81,0.04,2,Riskant,8,Hoch,26.0
2026-05-17,Early Play,5,AEM,Agnico Eagle Mines Limited,180.3300018310547,0.51,0.02,-0.15,4,Neutral,10,Hoch,25.0
2026-05-17,Early Play,6,META,"Meta Platforms, Inc.",614.22998046875,0.34,-0.31,-0.04,1,Riskant,10,Hoch,25.0
2026-05-17,Early Play,7,TD,Toronto Dominion Bank (The),107.63999938964844,0.97,0.93,0.13,6,Gut,10,Hoch,25.0
2026-05-17,Early Play,8,KGC,Kinross Gold Corporation,28.3799991607666,0.59,0.17,-0.15,5,Neutral,10,Hoch,25.0
2026-05-18,Short Term,1,OMCL,"Omnicell, Inc.",43.220001220703125,0.58,0.16,0.12,7,Gut,3,Niedrig,16.5
2026-05-18,Short Term,2,JD,"JD.com, Inc.",31.600000381469727,0.67,0.33,0.19,7,Gut,2,Niedrig,16.5
2026-05-18,Short Term,3,ANET,"Arista Networks, Inc.",141.7100067138672,0.6,0.21,0.02,7,Gut,9,Hoch,15.5
2026-05-18,Short Term,4,EOG,"EOG Resources, Inc.",142.99000549316406,0.85,0.7,0.18,7,Gut,9,Hoch,15.5
2026-05-18,Short Term,5,FORM,"FormFactor, Inc.",117.41999816894533,0.69,0.37,0.24,6,Gut,4,Niedrig,15.0
2026-05-18,Short Term,6,APO,"Apollo Global Management, Inc. ",134.07000732421875,0.62,0.23,0.07,6,Gut,2,Niedrig,15.0
2026-05-18,Short Term,7,MDLZ,"Mondelez International, Inc.",61.63999938964844,0.59,0.17,0.03,7,Gut,5,Mittel,14.5
2026-05-18,Short Term,8,BLK,"BlackRock, Inc.",1085.8800048828125,0.58,0.16,-0.0,7,Gut,10,Hoch,14.5
2026-05-18,Long Term,1,TD,Toronto Dominion Bank (The),108.37999725341795,0.98,0.96,0.14,6,Gut,10,Hoch,25.96
2026-05-18,Long Term,2,NVDA,NVIDIA Corporation,222.32000732421875,0.87,0.74,0.18,6,Gut,10,Hoch,25.74
2026-05-18,Long Term,3,EOG,"EOG Resources, Inc.",142.99000549316406,0.85,0.7,0.18,7,Gut,9,Hoch,23.7
2026-05-18,Long Term,4,CF,"CF Industries Holdings, Inc.",125.22000122070312,0.76,0.52,0.31,7,Gut,9,Hoch,23.52
2026-05-18,Long Term,5,INCY,Incyte Corporation,95.19000244140624,0.65,0.31,-0.08,6,Gut,10,Hoch,23.3
2026-05-18,Long Term,6,FSLR,"First Solar, Inc.",233.63999938964844,0.65,0.3,-0.02,6,Gut,10,Hoch,23.3
2026-05-18,Long Term,7,BLK,"BlackRock, Inc.",1085.8800048828125,0.58,0.16,-0.0,7,Gut,10,Hoch,23.16
2026-05-18,Long Term,8,AFL,AFLAC Incorporated,118.66999816894533,0.99,0.99,0.04,5,Neutral,10,Hoch,22.98
2026-05-18,Early Play,1,ORCL,Oracle Corporation,186.6100006103516,0.25,-0.5,0.2,3,Riskant,9,Hoch,28.0
2026-05-18,Early Play,2,MSFT,Microsoft Corporation,423.5400085449219,0.34,-0.31,0.06,2,Riskant,8,Hoch,26.0
2026-05-18,Early Play,3,NFLX,"Netflix, Inc.",89.6500015258789,0.25,-0.5,0.15,3,Riskant,8,Hoch,26.0
2026-05-18,Early Play,4,DSGX,The Descartes Systems Group Inc,70.8499984741211,0.15,-0.7,0.07,2,Riskant,8,Hoch,26.0
2026-05-18,Early Play,5,TD,Toronto Dominion Bank (The),108.37999725341795,0.98,0.96,0.14,6,Gut,10,Hoch,25.0
2026-05-18,Early Play,6,FIS,Fidelity National Information S,43.369998931884766,0.05,-0.9,-0.1,1,Riskant,10,Hoch,25.0
2026-05-18,Early Play,7,HALO,"Halozyme Therapeutics, Inc.",67.44000244140625,0.53,0.05,-0.08,5,Neutral,10,Hoch,25.0
2026-05-18,Early Play,8,AFL,AFLAC Incorporated,118.66999816894533,0.99,0.99,0.04,5,Neutral,10,Hoch,25.0
2026-05-19,Short Term,1,OMCL,"Omnicell, Inc.",43.81999969482422,0.6,0.21,0.13,7,Gut,3,Niedrig,16.5
2026-05-19,Short Term,2,APO,"Apollo Global Management, Inc. ",131.14999389648438,0.57,0.13,0.11,7,Gut,2,Niedrig,16.5
2026-05-19,Short Term,3,CF,"CF Industries Holdings, Inc.",127.86000061035156,0.8,0.59,0.29,7,Gut,9,Hoch,15.5
2026-05-19,Short Term,4,ANET,"Arista Networks, Inc.",141.5800018310547,0.6,0.2,0.03,7,Gut,9,Hoch,15.5
2026-05-19,Short Term,5,FORM,"FormFactor, Inc.",117.1999969482422,0.69,0.37,0.27,6,Gut,4,Niedrig,15.0
2026-05-19,Short Term,6,TTWO,"Take-Two Interactive Software, ",238.13999938964844,0.65,0.31,0.18,6,Gut,3,Niedrig,15.0
2026-05-19,Short Term,7,MDLZ,"Mondelez International, Inc.",61.290000915527344,0.57,0.13,0.05,7,Gut,5,Mittel,14.5
2026-05-19,Short Term,8,AFRM,"Affirm Holdings, Inc.",65.30000305175781,0.4,-0.2,0.26,6,Gut,6,Mittel,14.0
2026-05-19,Long Term,1,TD,Toronto Dominion Bank (The),107.91000366210938,0.97,0.94,0.14,6,Gut,10,Hoch,25.94
2026-05-19,Long Term,2,NVDA,NVIDIA Corporation,220.6100006103516,0.85,0.7,0.17,6,Gut,10,Hoch,25.7
2026-05-19,Long Term,3,005930.KS,SamsungElec,275500.0,0.9,0.81,0.55,6,Gut,10,Hoch,23.8
2026-05-19,Long Term,4,EOG,"EOG Resources, Inc.",144.3000030517578,0.87,0.75,0.17,6,Gut,9,Hoch,23.74
2026-05-19,Long Term,5,CF,"CF Industries Holdings, Inc.",127.86000061035156,0.8,0.59,0.29,7,Gut,9,Hoch,23.6
2026-05-19,Long Term,6,INCY,Incyte Corporation,95.5999984741211,0.66,0.32,-0.06,6,Gut,10,Hoch,23.32
2026-05-19,Long Term,7,HALO,"Halozyme Therapeutics, Inc.",68.7300033569336,0.57,0.13,-0.05,6,Gut,10,Hoch,23.14
2026-05-19,Long Term,8,FSLR,"First Solar, Inc.",221.7100067138672,0.57,0.15,-0.05,6,Gut,10,Hoch,23.14
2026-05-19,Early Play,1,ORCL,Oracle Corporation,181.4600067138672,0.22,-0.55,0.16,3,Riskant,9,Hoch,28.0
2026-05-19,Early Play,2,DSGX,The Descartes Systems Group Inc,70.54000091552734,0.15,-0.71,0.07,2,Riskant,8,Hoch,26.0
2026-05-19,Early Play,3,MSFT,Microsoft Corporation,417.4200134277344,0.31,-0.38,0.05,2,Riskant,8,Hoch,26.0
2026-05-19,Early Play,4,NFLX,"Netflix, Inc.",89.33000183105469,0.24,-0.52,0.16,3,Riskant,8,Hoch,26.0
2026-05-19,Early Play,5,TD,Toronto Dominion Bank (The),107.91000366210938,0.97,0.94,0.14,6,Gut,10,Hoch,25.0
2026-05-19,Early Play,6,KGC,Kinross Gold Corporation,27.440000534057617,0.54,0.08,-0.18,4,Neutral,10,Hoch,25.0
2026-05-19,Early Play,7,NU,Nu Holdings Ltd.,12.289999961853027,0.08,-0.84,-0.29,0,Riskant,10,Hoch,25.0
2026-05-19,Early Play,8,FIS,Fidelity National Information S,43.5,0.05,-0.89,-0.1,1,Riskant,10,Hoch,25.0
2026-05-20,Short Term,1,ANET,"Arista Networks, Inc.",140.49000549316406,0.59,0.18,0.06,7,Gut,9,Hoch,17.5
2026-05-20,Short Term,2,PVH,PVH Corp.,84.66000366210938,0.62,0.24,0.17,7,Gut,3,Niedrig,16.5
2026-05-20,Short Term,3,MDLZ,"Mondelez International, Inc.",61.84000015258789,0.6,0.19,0.06,7,Gut,5,Mittel,16.5
2026-05-20,Short Term,4,APO,"Apollo Global Management, Inc. ",132.24000549316406,0.59,0.19,0.11,7,Gut,2,Niedrig,16.5
2026-05-20,Short Term,5,EOG,"EOG Resources, Inc.",141.6300048828125,0.82,0.64,0.16,7,Gut,9,Hoch,15.5
2026-05-20,Short Term,6,CF,"CF Industries Holdings, Inc.",123.3000030517578,0.73,0.46,0.27,7,Gut,9,Hoch,15.5
2026-05-20,Short Term,7,ASTS,"AST SpaceMobile, Inc.",89.58000183105469,0.62,0.25,0.12,6,Gut,2,Niedrig,15.0
2026-05-20,Short Term,8,OMCL,"Omnicell, Inc.",44.720001220703125,0.63,0.27,0.11,6,Gut,2,Niedrig,15.0
2026-05-20,Long Term,1,TD,Toronto Dominion Bank (The),109.58000183105467,0.99,0.99,0.14,6,Gut,10,Hoch,25.98
2026-05-20,Long Term,2,NVDA,NVIDIA Corporation,223.47000122070312,0.88,0.76,0.18,6,Gut,10,Hoch,25.76
2026-05-20,Long Term,3,MS,Morgan Stanley,197.7700042724609,1.0,0.99,0.13,6,Gut,9,Hoch,24.0
2026-05-20,Long Term,4,005930.KS,SamsungElec,276000.0,0.9,0.81,0.53,6,Gut,10,Hoch,23.8
2026-05-20,Long Term,5,C,"Citigroup, Inc.",124.81999969482422,0.85,0.7,0.08,6,Gut,9,Hoch,23.7
2026-05-20,Long Term,6,EOG,"EOG Resources, Inc.",141.6300048828125,0.82,0.64,0.16,7,Gut,9,Hoch,23.64
2026-05-20,Long Term,7,CF,"CF Industries Holdings, Inc.",123.3000030517578,0.73,0.46,0.27,7,Gut,9,Hoch,23.46
2026-05-20,Long Term,8,INCY,Incyte Corporation,97.08000183105467,0.69,0.38,-0.04,6,Gut,10,Hoch,23.38
2026-05-20,Early Play,1,ANET,"Arista Networks, Inc.",140.49000549316406,0.59,0.18,0.06,7,Gut,9,Hoch,28.0
2026-05-20,Early Play,2,NFLX,"Netflix, Inc.",88.08999633789062,0.22,-0.56,0.12,3,Riskant,8,Hoch,26.0
2026-05-20,Early Play,3,DSGX,The Descartes Systems Group Inc,72.51000213623047,0.18,-0.64,0.08,2,Riskant,8,Hoch,26.0
2026-05-20,Early Play,4,MSFT,Microsoft Corporation,421.05999755859375,0.33,-0.34,0.06,2,Riskant,8,Hoch,26.0
2026-05-20,Early Play,5,NU,Nu Holdings Ltd.,12.789999961853027,0.15,-0.7,-0.27,0,Riskant,10,Hoch,25.0
2026-05-20,Early Play,6,TD,Toronto Dominion Bank (The),109.58000183105467,0.99,0.99,0.14,6,Gut,10,Hoch,25.0
2026-05-20,Early Play,7,META,"Meta Platforms, Inc.",605.0599975585938,0.31,-0.38,-0.08,1,Riskant,10,Hoch,25.0
2026-05-20,Early Play,8,NVDA,NVIDIA Corporation,223.47000122070312,0.88,0.76,0.18,6,Gut,10,Hoch,25.0
2026-05-21,Short Term,1,ANET,"Arista Networks, Inc.",148.58999633789062,0.67,0.35,0.17,8,Sehr gut,9,Hoch,19.0
2026-05-21,Short Term,2,PVH,PVH Corp.,86.70999908447266,0.67,0.34,0.26,7,Gut,3,Niedrig,16.5
2026-05-21,Short Term,3,APO,"Apollo Global Management, Inc. ",130.89999389648438,0.57,0.14,0.16,7,Gut,2,Niedrig,16.5
2026-05-21,Short Term,4,JD,"JD.com, Inc.",31.46999931335449,0.65,0.31,0.2,7,Gut,2,Niedrig,16.5
2026-05-21,Short Term,5,OMCL,"Omnicell, Inc.",43.7599983215332,0.6,0.2,0.11,7,Gut,3,Niedrig,16.5
2026-05-21,Short Term,6,NVDA,NVIDIA Corporation,219.509994506836,0.84,0.68,0.15,7,Gut,10,Hoch,15.5
2026-05-21,Short Term,7,EOG,"EOG Resources, Inc.",139.97999572753906,0.79,0.58,0.15,7,Gut,9,Hoch,15.5
2026-05-21,Short Term,8,CF,"CF Industries Holdings, Inc.",121.69000244140624,0.7,0.41,0.28,7,Gut,9,Hoch,15.5
2026-05-21,Long Term,1,TD,Toronto Dominion Bank (The),111.11000061035156,1.0,1.0,0.17,6,Gut,10,Hoch,26.0
2026-05-21,Long Term,2,NVDA,NVIDIA Corporation,219.509994506836,0.84,0.68,0.15,7,Gut,10,Hoch,25.68
2026-05-21,Long Term,3,ANET,"Arista Networks, Inc.",148.58999633789062,0.67,0.35,0.17,8,Sehr gut,9,Hoch,24.34
2026-05-21,Long Term,4,005930.KS,SamsungElec,299500.0,1.0,1.0,0.58,6,Gut,10,Hoch,24.0
2026-05-21,Long Term,5,MS,Morgan Stanley,200.509994506836,1.0,0.99,0.21,6,Gut,9,Hoch,24.0
2026-05-21,Long Term,6,C,"Citigroup, Inc.",125.22000122070312,0.85,0.71,0.14,6,Gut,9,Hoch,23.7
2026-05-21,Long Term,7,EOG,"EOG Resources, Inc.",139.97999572753906,0.79,0.58,0.15,7,Gut,9,Hoch,23.58
2026-05-21,Long Term,8,FSLR,"First Solar, Inc.",248.8800048828125,0.75,0.51,0.03,6,Gut,10,Hoch,23.5
2026-05-21,Early Play,1,NVO,Novo Nordisk A/S,44.38999938964844,0.23,-0.54,0.16,4,Neutral,10,Hoch,30.0
2026-05-21,Early Play,2,DSGX,The Descartes Systems Group Inc,70.73999786376953,0.15,-0.7,0.13,3,Riskant,8,Hoch,26.0
2026-05-21,Early Play,3,MSFT,Microsoft Corporation,419.0899963378906,0.32,-0.36,0.09,2,Riskant,8,Hoch,26.0
2026-05-21,Early Play,4,PLTR,Palantir Technologies Inc.,137.4149932861328,0.21,-0.58,0.05,1,Riskant,8,Hoch,26.0
2026-05-21,Early Play,5,NFLX,"Netflix, Inc.",89.30000305175781,0.24,-0.52,0.17,3,Riskant,8,Hoch,26.0
2026-05-21,Early Play,6,NVDA,NVIDIA Corporation,219.509994506836,0.84,0.68,0.15,7,Gut,10,Hoch,25.0
2026-05-21,Early Play,7,KGC,Kinross Gold Corporation,28.68000030517578,0.58,0.16,-0.19,5,Neutral,10,Hoch,25.0
2026-05-21,Early Play,8,NU,Nu Holdings Ltd.,13.15999984741211,0.2,-0.6,-0.19,0,Riskant,10,Hoch,25.0
2026-05-22,Short Term,1,JD,"JD.com, Inc.",30.520000457763672,0.57,0.15,0.15,7,Gut,2,Niedrig,16.5
2026-05-22,Short Term,2,ETSY,"Etsy, Inc.",62.380001068115234,0.57,0.13,0.15,7,Gut,2,Niedrig,16.5
2026-05-22,Short Term,3,CF,"CF Industries Holdings, Inc.",121.6999969482422,0.7,0.41,0.27,7,Gut,9,Hoch,15.5
2026-05-22,Short Term,4,NVDA,NVIDIA Corporation,215.3300018310547,0.8,0.61,0.12,7,Gut,10,Hoch,15.5
2026-05-22,Short Term,5,EOG,"EOG Resources, Inc.",141.22000122070312,0.81,0.63,0.15,7,Gut,9,Hoch,15.5
2026-05-22,Short Term,6,OMCL,"Omnicell, Inc.",44.40999984741211,0.62,0.25,0.11,6,Gut,2,Niedrig,15.0
2026-05-22,Short Term,7,MDLZ,"Mondelez International, Inc.",61.7599983215332,0.59,0.18,0.02,7,Gut,5,Mittel,14.5
2026-05-22,Short Term,8,JPM,JP Morgan Chase & Co.,306.3800048828125,0.67,0.33,0.04,7,Gut,6,Mittel,14.5
2026-05-22,Long Term,1,TD,Toronto Dominion Bank (The),111.87000274658205,0.99,0.98,0.19,6,Gut,10,Hoch,25.98
2026-05-22,Long Term,2,NVDA,NVIDIA Corporation,215.3300018310547,0.8,0.61,0.12,7,Gut,10,Hoch,25.6
2026-05-22,Long Term,3,005930.KS,SamsungElec,292500.0,0.97,0.94,0.54,6,Gut,10,Hoch,23.94
2026-05-22,Long Term,4,MS,Morgan Stanley,201.02999877929688,0.97,0.95,0.2,6,Gut,9,Hoch,23.94
2026-05-22,Long Term,5,C,"Citigroup, Inc.",125.08999633789062,0.85,0.7,0.15,6,Gut,9,Hoch,23.7
2026-05-22,Long Term,6,EOG,"EOG Resources, Inc.",141.22000122070312,0.81,0.63,0.15,7,Gut,9,Hoch,23.62
2026-05-22,Long Term,7,FSLR,"First Solar, Inc.",257.8500061035156,0.81,0.63,0.06,6,Gut,10,Hoch,23.62
2026-05-22,Long Term,8,NVO,Novo Nordisk A/S,44.959999084472656,0.24,-0.52,0.21,4,Neutral,10,Hoch,23.48
2026-05-22,Early Play,1,NVO,Novo Nordisk A/S,44.959999084472656,0.24,-0.52,0.21,4,Neutral,10,Hoch,30.0
2026-05-22,Early Play,2,MSFT,Microsoft Corporation,418.5700073242188,0.32,-0.36,0.08,2,Riskant,8,Hoch,26.0
2026-05-22,Early Play,3,PLTR,Palantir Technologies Inc.,136.8800048828125,0.2,-0.59,0.06,1,Riskant,8,Hoch,26.0
2026-05-22,Early Play,4,DSGX,The Descartes Systems Group Inc,71.29000091552734,0.16,-0.68,0.12,3,Riskant,8,Hoch,26.0
2026-05-22,Early Play,5,NFLX,"Netflix, Inc.",88.5999984741211,0.23,-0.54,0.14,3,Riskant,8,Hoch,26.0
2026-05-22,Early Play,6,AFL,AFLAC Incorporated,117.86000061035156,0.95,0.89,0.05,5,Neutral,10,Hoch,25.0
2026-05-22,Early Play,7,NVDA,NVIDIA Corporation,215.3300018310547,0.8,0.61,0.12,7,Gut,10,Hoch,25.0
2026-05-22,Early Play,8,KGC,Kinross Gold Corporation,28.290000915527344,0.57,0.13,-0.21,5,Neutral,10,Hoch,25.0
2026-05-23,Short Term,1,ETSY,"Etsy, Inc.",62.380001068115234,0.57,0.13,0.15,7,Gut,2,Niedrig,16.5
2026-05-23,Short Term,2,JD,"JD.com, Inc.",30.520000457763672,0.57,0.15,0.15,7,Gut,2,Niedrig,16.5
2026-05-23,Short Term,3,CF,"CF Industries Holdings, Inc.",121.6999969482422,0.7,0.41,0.27,7,Gut,9,Hoch,15.5
2026-05-23,Short Term,4,NVDA,NVIDIA Corporation,215.3300018310547,0.8,0.61,0.12,7,Gut,10,Hoch,15.5
2026-05-23,Short Term,5,EOG,"EOG Resources, Inc.",141.22000122070312,0.81,0.63,0.15,7,Gut,9,Hoch,15.5
2026-05-23,Short Term,6,OMCL,"Omnicell, Inc.",44.40999984741211,0.62,0.25,0.11,6,Gut,2,Niedrig,15.0
2026-05-23,Short Term,7,BAC,Bank of America Corporation,51.79999923706055,0.66,0.31,0.03,7,Gut,7,Mittel,14.5
2026-05-23,Short Term,8,MDLZ,"Mondelez International, Inc.",61.7599983215332,0.59,0.18,0.02,7,Gut,5,Mittel,14.5
2026-05-23,Long Term,1,TD,Toronto Dominion Bank (The),111.87000274658205,0.99,0.98,0.19,6,Gut,10,Hoch,25.98
2026-05-23,Long Term,2,NVDA,NVIDIA Corporation,215.3300018310547,0.8,0.61,0.12,7,Gut,10,Hoch,25.6
2026-05-23,Long Term,3,005930.KS,SamsungElec,292500.0,0.97,0.94,0.54,6,Gut,10,Hoch,23.94
2026-05-23,Long Term,4,MS,Morgan Stanley,201.02999877929688,0.97,0.95,0.2,6,Gut,9,Hoch,23.94
2026-05-23,Long Term,5,C,"Citigroup, Inc.",125.08999633789062,0.85,0.7,0.15,6,Gut,9,Hoch,23.7
2026-05-23,Long Term,6,EOG,"EOG Resources, Inc.",141.22000122070312,0.81,0.63,0.15,7,Gut,9,Hoch,23.62
2026-05-23,Long Term,7,FSLR,"First Solar, Inc.",257.8500061035156,0.81,0.63,0.06,6,Gut,10,Hoch,23.62
2026-05-23,Long Term,8,NVO,Novo Nordisk A/S,44.959999084472656,0.24,-0.52,0.21,4,Neutral,10,Hoch,23.48
2026-05-23,Early Play,1,NVO,Novo Nordisk A/S,44.959999084472656,0.24,-0.52,0.21,4,Neutral,10,Hoch,30.0
2026-05-23,Early Play,2,PLTR,Palantir Technologies Inc.,136.8800048828125,0.2,-0.59,0.06,1,Riskant,8,Hoch,26.0
2026-05-23,Early Play,3,MSFT,Microsoft Corporation,418.5700073242188,0.32,-0.36,0.08,2,Riskant,8,Hoch,26.0
2026-05-23,Early Play,4,NFLX,"Netflix, Inc.",88.5999984741211,0.23,-0.54,0.14,3,Riskant,8,Hoch,26.0
2026-05-23,Early Play,5,DSGX,The Descartes Systems Group Inc,71.29000091552734,0.16,-0.68,0.12,3,Riskant,8,Hoch,26.0
2026-05-23,Early Play,6,FIS,Fidelity National Information S,43.560001373291016,0.06,-0.89,-0.09,1,Riskant,10,Hoch,25.0
2026-05-23,Early Play,7,KGC,Kinross Gold Corporation,28.290000915527344,0.57,0.13,-0.21,5,Neutral,10,Hoch,25.0
2026-05-23,Early Play,8,HALO,"Halozyme Therapeutics, Inc.",68.31999969482422,0.55,0.11,-0.03,6,Gut,10,Hoch,25.0
2026-05-24,Short Term,1,ETSY,"Etsy, Inc.",62.380001068115234,0.57,0.13,0.15,7,Gut,2,Niedrig,16.5
2026-05-24,Short Term,2,JD,"JD.com, Inc.",30.520000457763672,0.57,0.15,0.15,7,Gut,2,Niedrig,16.5
2026-05-24,Short Term,3,CF,"CF Industries Holdings, Inc.",121.6999969482422,0.7,0.41,0.27,7,Gut,9,Hoch,15.5
2026-05-24,Short Term,4,NVDA,NVIDIA Corporation,215.3300018310547,0.8,0.61,0.12,7,Gut,10,Hoch,15.5
2026-05-24,Short Term,5,EOG,"EOG Resources, Inc.",141.22000122070312,0.81,0.63,0.15,7,Gut,9,Hoch,15.5
2026-05-24,Short Term,6,OMCL,"Omnicell, Inc.",44.40999984741211,0.62,0.25,0.11,6,Gut,2,Niedrig,15.0
2026-05-24,Short Term,7,BAC,Bank of America Corporation,51.79999923706055,0.66,0.31,0.03,7,Gut,7,Mittel,14.5
2026-05-24,Short Term,8,MDLZ,"Mondelez International, Inc.",61.7599983215332,0.59,0.18,0.02,7,Gut,5,Mittel,14.5
2026-05-24,Long Term,1,TD,Toronto Dominion Bank (The),111.87000274658205,0.99,0.98,0.19,6,Gut,10,Hoch,25.98
2026-05-24,Long Term,2,NVDA,NVIDIA Corporation,215.3300018310547,0.8,0.61,0.12,7,Gut,10,Hoch,25.6
2026-05-24,Long Term,3,005930.KS,SamsungElec,292500.0,0.97,0.94,0.54,6,Gut,10,Hoch,23.94
2026-05-24,Long Term,4,MS,Morgan Stanley,201.02999877929688,0.97,0.95,0.2,6,Gut,9,Hoch,23.94
2026-05-24,Long Term,5,C,"Citigroup, Inc.",125.08999633789062,0.85,0.7,0.15,6,Gut,9,Hoch,23.7
2026-05-24,Long Term,6,EOG,"EOG Resources, Inc.",141.22000122070312,0.81,0.63,0.15,7,Gut,9,Hoch,23.62
2026-05-24,Long Term,7,FSLR,"First Solar, Inc.",257.8500061035156,0.81,0.63,0.06,6,Gut,10,Hoch,23.62
2026-05-24,Long Term,8,NVO,Novo Nordisk A/S,44.959999084472656,0.24,-0.52,0.21,4,Neutral,10,Hoch,23.48
2026-05-24,Early Play,1,NVO,Novo Nordisk A/S,44.959999084472656,0.24,-0.52,0.21,4,Neutral,10,Hoch,30.0
2026-05-24,Early Play,2,PLTR,Palantir Technologies Inc.,136.8800048828125,0.2,-0.59,0.06,1,Riskant,8,Hoch,26.0
2026-05-24,Early Play,3,MSFT,Microsoft Corporation,418.5700073242188,0.32,-0.36,0.08,2,Riskant,8,Hoch,26.0
2026-05-24,Early Play,4,NFLX,"Netflix, Inc.",88.5999984741211,0.23,-0.54,0.14,3,Riskant,8,Hoch,26.0
2026-05-24,Early Play,5,DSGX,The Descartes Systems Group Inc,71.29000091552734,0.16,-0.68,0.12,3,Riskant,8,Hoch,26.0
2026-05-24,Early Play,6,FIS,Fidelity National Information S,43.560001373291016,0.06,-0.89,-0.09,1,Riskant,10,Hoch,25.0
2026-05-24,Early Play,7,KGC,Kinross Gold Corporation,28.290000915527344,0.57,0.13,-0.21,5,Neutral,10,Hoch,25.0
2026-05-24,Early Play,8,HALO,"Halozyme Therapeutics, Inc.",68.31999969482422,0.55,0.11,-0.03,6,Gut,10,Hoch,25.0
2026-05-25,Short Term,1,ETSY,"Etsy, Inc.",62.380001068115234,0.57,0.13,0.15,7,Gut,2,Niedrig,16.5
2026-05-25,Short Term,2,JD,"JD.com, Inc.",30.520000457763672,0.57,0.15,0.15,7,Gut,2,Niedrig,16.5
2026-05-25,Short Term,3,CF,"CF Industries Holdings, Inc.",121.6999969482422,0.7,0.41,0.27,7,Gut,9,Hoch,15.5
2026-05-25,Short Term,4,EOG,"EOG Resources, Inc.",141.22000122070312,0.81,0.63,0.15,7,Gut,9,Hoch,15.5
2026-05-25,Short Term,5,NVDA,NVIDIA Corporation,215.3300018310547,0.8,0.61,0.12,7,Gut,10,Hoch,15.5
2026-05-25,Short Term,6,OMCL,"Omnicell, Inc.",44.40999984741211,0.62,0.25,0.11,6,Gut,2,Niedrig,15.0
2026-05-25,Short Term,7,JPM,JP Morgan Chase & Co.,306.3800048828125,0.67,0.33,0.04,7,Gut,6,Mittel,14.5
2026-05-25,Short Term,8,MDLZ,"Mondelez International, Inc.",61.7599983215332,0.59,0.18,0.02,7,Gut,5,Mittel,14.5
2026-05-25,Long Term,1,TD,Toronto Dominion Bank (The),111.87000274658205,0.99,0.98,0.19,6,Gut,10,Hoch,25.98
2026-05-25,Long Term,2,NVDA,NVIDIA Corporation,215.3300018310547,0.8,0.61,0.12,7,Gut,10,Hoch,25.6
2026-05-25,Long Term,3,005930.KS,SamsungElec,292500.0,0.97,0.94,0.54,6,Gut,10,Hoch,23.94
2026-05-25,Long Term,4,MS,Morgan Stanley,201.02999877929688,0.97,0.95,0.2,6,Gut,9,Hoch,23.94
2026-05-25,Long Term,5,C,"Citigroup, Inc.",125.08999633789062,0.85,0.7,0.15,6,Gut,9,Hoch,23.7
2026-05-25,Long Term,6,FSLR,"First Solar, Inc.",257.8500061035156,0.81,0.63,0.06,6,Gut,10,Hoch,23.62
2026-05-25,Long Term,7,EOG,"EOG Resources, Inc.",141.22000122070312,0.81,0.63,0.15,7,Gut,9,Hoch,23.62
2026-05-25,Long Term,8,NVO,Novo Nordisk A/S,44.959999084472656,0.24,-0.52,0.21,4,Neutral,10,Hoch,23.48
2026-05-25,Early Play,1,NVO,Novo Nordisk A/S,44.959999084472656,0.24,-0.52,0.21,4,Neutral,10,Hoch,30.0
2026-05-25,Early Play,2,PLTR,Palantir Technologies Inc.,136.8800048828125,0.2,-0.59,0.06,1,Riskant,8,Hoch,26.0
2026-05-25,Early Play,3,MSFT,Microsoft Corporation,418.5700073242188,0.32,-0.36,0.08,2,Riskant,8,Hoch,26.0
2026-05-25,Early Play,4,NFLX,"Netflix, Inc.",88.5999984741211,0.23,-0.54,0.14,3,Riskant,8,Hoch,26.0
2026-05-25,Early Play,5,DSGX,The Descartes Systems Group Inc,71.29000091552734,0.16,-0.68,0.12,3,Riskant,8,Hoch,26.0
2026-05-25,Early Play,6,KGC,Kinross Gold Corporation,28.290000915527344,0.57,0.13,-0.21,5,Neutral,10,Hoch,25.0
2026-05-25,Early Play,7,NVDA,NVIDIA Corporation,215.3300018310547,0.8,0.61,0.12,7,Gut,10,Hoch,25.0
2026-05-25,Early Play,8,META,"Meta Platforms, Inc.",610.260009765625,0.33,-0.34,-0.04,1,Riskant,10,Hoch,25.0
2026-05-26,Short Term,1,CF,"CF Industries Holdings, Inc.",119.16000366210938,0.67,0.33,0.24,9,Sehr gut,9,Hoch,20.5
2026-05-26,Short Term,2,ETSY,"Etsy, Inc.",64.33000183105469,0.63,0.25,0.2,7,Gut,2,Niedrig,16.5
2026-05-26,Short Term,3,APO,"Apollo Global Management, Inc. ",129.91000366210938,0.55,0.11,0.11,7,Gut,2,Niedrig,16.5
2026-05-26,Short Term,4,EOG,"EOG Resources, Inc.",136.1999969482422,0.71,0.43,0.12,7,Gut,9,Hoch,15.5
2026-05-26,Short Term,5,CLF,Cleveland-Cliffs Inc.,11.979999542236328,0.57,0.15,0.11,6,Gut,2,Niedrig,15.0
2026-05-26,Short Term,6,MP,MP Materials Corp.,66.98999786376953,0.59,0.18,0.14,6,Gut,2,Niedrig,15.0
2026-05-26,Short Term,7,COP,ConocoPhillips,116.56999969482422,0.66,0.31,0.07,6,Gut,3,Niedrig,15.0
2026-05-26,Short Term,8,JPM,JP Morgan Chase & Co.,306.739990234375,0.65,0.3,0.02,7,Gut,6,Mittel,14.5
2026-05-26,Long Term,1,TD,Toronto Dominion Bank (The),112.55999755859376,0.98,0.96,0.17,6,Gut,10,Hoch,25.96
2026-05-26,Long Term,2,FSLR,"First Solar, Inc.",269.95001220703125,0.89,0.79,0.28,6,Gut,10,Hoch,25.78
2026-05-26,Long Term,3,NVDA,NVIDIA Corporation,214.8600006103516,0.79,0.58,0.1,6,Gut,10,Hoch,25.58
2026-05-26,Long Term,4,CF,"CF Industries Holdings, Inc.",119.16000366210938,0.67,0.33,0.24,9,Sehr gut,9,Hoch,24.34
2026-05-26,Long Term,5,005930.KS,SamsungElec,299000.0,0.99,0.98,0.55,6,Gut,10,Hoch,23.98
2026-05-26,Long Term,6,MS,Morgan Stanley,201.759994506836,0.97,0.95,0.17,6,Gut,9,Hoch,23.94
2026-05-26,Long Term,7,C,"Citigroup, Inc.",126.86000061035156,0.88,0.75,0.11,6,Gut,9,Hoch,23.76
2026-05-26,Long Term,8,NVO,Novo Nordisk A/S,44.18999862670898,0.22,-0.55,0.2,4,Neutral,10,Hoch,23.44
2026-05-26,Early Play,1,NVO,Novo Nordisk A/S,44.18999862670898,0.22,-0.55,0.2,4,Neutral,10,Hoch,30.0
2026-05-26,Early Play,2,MSFT,Microsoft Corporation,416.0299987792969,0.31,-0.38,0.04,2,Riskant,8,Hoch,26.0
2026-05-26,Early Play,3,NFLX,"Netflix, Inc.",87.68000030517578,0.21,-0.57,0.06,2,Riskant,8,Hoch,26.0
2026-05-26,Early Play,4,DSGX,The Descartes Systems Group Inc,70.58000183105469,0.15,-0.71,0.09,2,Riskant,8,Hoch,26.0
2026-05-26,Early Play,5,NVDA,NVIDIA Corporation,214.8600006103516,0.79,0.58,0.1,6,Gut,10,Hoch,25.0
2026-05-26,Early Play,6,FIS,Fidelity National Information S,42.220001220703125,0.02,-0.96,-0.13,0,Riskant,10,Hoch,25.0
2026-05-26,Early Play,7,TD,Toronto Dominion Bank (The),112.55999755859376,0.98,0.96,0.17,6,Gut,10,Hoch,25.0
2026-05-26,Early Play,8,HALO,"Halozyme Therapeutics, Inc.",68.72000122070312,0.57,0.13,-0.02,6,Gut,10,Hoch,25.0
2026-05-27,Short Term,1,CF,"CF Industries Holdings, Inc.",116.33999633789062,0.62,0.25,0.2,9,Sehr gut,9,Hoch,20.5
2026-05-27,Short Term,2,EOG,"EOG Resources, Inc.",134.3000030517578,0.68,0.35,0.12,9,Sehr gut,9,Hoch,20.5
2026-05-27,Short Term,3,ETSY,"Etsy, Inc.",63.810001373291016,0.61,0.22,0.16,7,Gut,2,Niedrig,16.5
2026-05-27,Short Term,4,APO,"Apollo Global Management, Inc. ",130.27000427246094,0.56,0.12,0.14,7,Gut,2,Niedrig,16.5
2026-05-27,Short Term,5,NVDA,NVIDIA Corporation,212.6000061035156,0.77,0.54,0.15,7,Gut,10,Hoch,15.5
2026-05-27,Short Term,6,CLF,Cleveland-Cliffs Inc.,12.829999923706056,0.65,0.3,0.16,6,Gut,2,Niedrig,15.0
2026-05-27,Short Term,7,MDLZ,"Mondelez International, Inc.",62.25,0.62,0.24,0.05,7,Gut,5,Mittel,14.5
2026-05-27,Short Term,8,SAIC,Science Applications Internatio,101.66000366210938,0.54,0.07,0.11,6,Gut,2,Niedrig,14.0
2026-05-27,Long Term,1,TD,Toronto Dominion Bank (The),112.1999969482422,0.97,0.94,0.14,6,Gut,10,Hoch,25.94
2026-05-27,Long Term,2,NVDA,NVIDIA Corporation,212.6000061035156,0.77,0.54,0.15,7,Gut,10,Hoch,25.54
2026-05-27,Long Term,3,EOG,"EOG Resources, Inc.",134.3000030517578,0.68,0.35,0.12,9,Sehr gut,9,Hoch,24.36
2026-05-27,Long Term,4,CF,"CF Industries Holdings, Inc.",116.33999633789062,0.62,0.25,0.2,9,Sehr gut,9,Hoch,24.24
2026-05-27,Long Term,5,MS,Morgan Stanley,201.6100006103516,0.97,0.94,0.14,6,Gut,9,Hoch,23.94
2026-05-27,Long Term,6,005930.KS,SamsungElec,307000.0,0.94,0.88,0.54,6,Gut,10,Hoch,23.88
2026-05-27,Long Term,7,FSLR,"First Solar, Inc.",273.6700134277344,0.92,0.84,0.37,6,Gut,10,Hoch,23.84
2026-05-27,Long Term,8,AFL,AFLAC Incorporated,114.8499984741211,0.82,0.64,0.01,6,Gut,10,Hoch,23.64
2026-05-27,Early Play,1,NVO,Novo Nordisk A/S,44.54999923706055,0.23,-0.54,0.23,4,Neutral,10,Hoch,30.0
2026-05-27,Early Play,2,KGC,Kinross Gold Corporation,28.51000022888184,0.57,0.15,-0.22,5,Neutral,10,Hoch,25.0
2026-05-27,Early Play,3,FIS,Fidelity National Information S,42.02000045776367,0.02,-0.97,-0.17,0,Riskant,10,Hoch,25.0
2026-05-27,Early Play,4,NU,Nu Holdings Ltd.,13.029999732971191,0.18,-0.64,-0.13,0,Riskant,10,Hoch,25.0
2026-05-27,Early Play,5,NVDA,NVIDIA Corporation,212.6000061035156,0.77,0.54,0.15,7,Gut,10,Hoch,25.0
2026-05-27,Early Play,6,BLK,"BlackRock, Inc.",1070.3399658203125,0.53,0.06,-0.01,5,Neutral,10,Hoch,25.0
2026-05-27,Early Play,7,HALO,"Halozyme Therapeutics, Inc.",68.6500015258789,0.56,0.13,-0.01,6,Gut,10,Hoch,25.0
2026-05-27,Early Play,8,TD,Toronto Dominion Bank (The),112.1999969482422,0.97,0.94,0.14,6,Gut,10,Hoch,25.0
2026-05-28,Short Term,1,CF,"CF Industries Holdings, Inc.",116.5,0.63,0.25,0.18,9,Sehr gut,9,Hoch,20.5
2026-05-28,Short Term,2,RUN,Sunrun Inc.,15.890000343322754,0.62,0.23,0.2,9,Sehr gut,9,Hoch,20.5
2026-05-28,Short Term,3,EOG,"EOG Resources, Inc.",134.5800018310547,0.68,0.37,0.09,8,Sehr gut,9,Hoch,19.0
2026-05-28,Short Term,4,SAIC,Science Applications Internatio,103.6999969482422,0.59,0.18,0.13,7,Gut,2,Niedrig,16.5
2026-05-28,Short Term,5,ARRY,"Array Technologies, Inc.",9.260000228881836,0.57,0.13,0.22,7,Gut,2,Niedrig,16.5
2026-05-28,Short Term,6,BP,BP p.l.c.,41.59000015258789,0.7,0.4,0.08,7,Gut,5,Mittel,16.5
2026-05-28,Short Term,7,NVDA,NVIDIA Corporation,214.25,0.78,0.57,0.21,7,Gut,10,Hoch,15.5
2026-05-28,Short Term,8,C,"Citigroup, Inc.",124.68000030517578,0.84,0.68,0.14,7,Gut,9,Hoch,15.5
2026-05-28,Long Term,1,TD,Toronto Dominion Bank (The),113.33999633789062,1.0,0.99,0.17,6,Gut,10,Hoch,26.0
2026-05-28,Long Term,2,NVDA,NVIDIA Corporation,214.25,0.78,0.57,0.21,7,Gut,10,Hoch,25.56
2026-05-28,Long Term,3,EOG,"EOG Resources, Inc.",134.5800018310547,0.68,0.37,0.09,8,Sehr gut,9,Hoch,24.36
2026-05-28,Long Term,4,CF,"CF Industries Holdings, Inc.",116.5,0.63,0.25,0.18,9,Sehr gut,9,Hoch,24.26
2026-05-28,Long Term,5,RUN,Sunrun Inc.,15.890000343322754,0.62,0.23,0.2,9,Sehr gut,9,Hoch,24.24
2026-05-28,Long Term,6,MS,Morgan Stanley,203.7899932861328,0.99,0.99,0.23,6,Gut,9,Hoch,23.98
2026-05-28,Long Term,7,FSLR,"First Solar, Inc.",303.3800048828125,0.96,0.92,0.54,6,Gut,10,Hoch,23.92
2026-05-28,Long Term,8,005930.KS,SamsungElec,299500.0,0.91,0.83,0.47,6,Gut,10,Hoch,23.82
2026-05-28,Early Play,1,MSFT,Microsoft Corporation,426.989990234375,0.37,-0.27,0.09,4,Neutral,8,Hoch,26.0
2026-05-28,Early Play,2,PLTR,Palantir Technologies Inc.,143.33999633789062,0.28,-0.45,0.04,1,Riskant,8,Hoch,26.0
2026-05-28,Early Play,3,DSGX,The Descartes Systems Group Inc,71.76000213623047,0.17,-0.66,0.08,2,Riskant,8,Hoch,26.0
2026-05-28,Early Play,4,FIS,Fidelity National Information S,42.220001220703125,0.02,-0.96,-0.16,0,Riskant,10,Hoch,25.0
2026-05-28,Early Play,5,NVDA,NVIDIA Corporation,214.25,0.78,0.57,0.21,7,Gut,10,Hoch,25.0
2026-05-28,Early Play,6,HALO,"Halozyme Therapeutics, Inc.",68.18000030517578,0.55,0.1,-0.02,5,Neutral,10,Hoch,25.0
2026-05-28,Early Play,7,NU,Nu Holdings Ltd.,13.050000190734863,0.18,-0.63,-0.13,0,Riskant,10,Hoch,25.0
2026-05-28,Early Play,8,TD,Toronto Dominion Bank (The),113.33999633789062,1.0,0.99,0.17,6,Gut,10,Hoch,25.0
2026-05-29,Short Term,1,CF,"CF Industries Holdings, Inc.",112.3499984741211,0.56,0.13,0.08,8,Sehr gut,9,Hoch,19.0
2026-05-29,Short Term,2,EOG,"EOG Resources, Inc.",133.3800048828125,0.66,0.32,0.04,8,Sehr gut,9,Hoch,17.0
2026-05-29,Short Term,3,SEIC,SEI Investments Company,87.87999725341797,0.69,0.39,0.07,7,Gut,6,Mittel,16.5
2026-05-29,Short Term,4,SAIC,Science Applications Internatio,104.1999969482422,0.6,0.2,0.13,7,Gut,2,Niedrig,16.5
2026-05-29,Short Term,5,NVDA,NVIDIA Corporation,211.13999938964844,0.75,0.51,0.16,7,Gut,10,Hoch,15.5
2026-05-29,Short Term,6,MSFT,Microsoft Corporation,450.239990234375,0.48,-0.03,0.13,6,Gut,8,Hoch,15.0
2026-05-29,Short Term,7,JPM,JP Morgan Chase & Co.,299.3099975585937,0.56,0.12,0.01,7,Gut,6,Mittel,14.5
2026-05-29,Short Term,8,TEL,TE Connectivity plc,213.4100036621093,0.6,0.2,0.01,7,Gut,6,Mittel,14.5
2026-05-29,Long Term,1,NVDA,NVIDIA Corporation,211.13999938964844,0.75,0.51,0.16,7,Gut,10,Hoch,25.5
2026-05-29,Long Term,2,CF,"CF Industries Holdings, Inc.",112.3499984741211,0.56,0.13,0.08,8,Sehr gut,9,Hoch,24.12
2026-05-29,Long Term,3,MS,Morgan Stanley,208.0,1.0,1.0,0.25,6,Gut,9,Hoch,24.0
2026-05-29,Long Term,4,005930.KS,SamsungElec,317000.0,0.98,0.96,0.46,6,Gut,10,Hoch,23.96
2026-05-29,Long Term,5,FSLR,"First Solar, Inc.",306.7900085449219,0.96,0.92,0.54,6,Gut,10,Hoch,23.92
2026-05-29,Long Term,6,C,"Citigroup, Inc.",125.9000015258789,0.86,0.72,0.13,6,Gut,9,Hoch,23.72
2026-05-29,Long Term,7,NVO,Novo Nordisk A/S,45.58000183105469,0.26,-0.49,0.25,4,Neutral,10,Hoch,23.52
2026-05-29,Long Term,8,INCY,Incyte Corporation,96.73999786376952,0.68,0.36,-0.03,6,Gut,10,Hoch,23.36
2026-05-29,Early Play,1,CF,"CF Industries Holdings, Inc.",112.3499984741211,0.56,0.13,0.08,8,Sehr gut,9,Hoch,28.0
2026-05-29,Early Play,2,DSGX,The Descartes Systems Group Inc,73.7699966430664,0.21,-0.58,0.1,2,Riskant,8,Hoch,26.0
2026-05-29,Early Play,3,NVDA,NVIDIA Corporation,211.13999938964844,0.75,0.51,0.16,7,Gut,10,Hoch,25.0
2026-05-29,Early Play,4,NU,Nu Holdings Ltd.,13.130000114440918,0.2,-0.61,-0.14,0,Riskant,10,Hoch,25.0
2026-05-29,Early Play,5,FIS,Fidelity National Information S,42.9900016784668,0.04,-0.92,-0.13,0,Riskant,10,Hoch,25.0
2026-05-29,Early Play,6,MSFT,Microsoft Corporation,450.239990234375,0.48,-0.03,0.13,6,Gut,8,Hoch,24.0
2026-05-29,Early Play,7,PLTR,Palantir Technologies Inc.,156.5399932861328,0.42,-0.15,0.08,4,Neutral,8,Hoch,24.0
2026-05-29,Early Play,8,ARES,Ares Management Corporation,128.5,0.36,-0.29,0.15,5,Neutral,7,Mittel,24.0
2026-05-30,Short Term,1,CF,"CF Industries Holdings, Inc.",112.3499984741211,0.56,0.13,0.08,8,Sehr gut,9,Hoch,19.0
2026-05-30,Short Term,2,EOG,"EOG Resources, Inc.",133.3800048828125,0.66,0.32,0.04,8,Sehr gut,9,Hoch,17.0
2026-05-30,Short Term,3,SAIC,Science Applications Internatio,104.1999969482422,0.6,0.2,0.13,7,Gut,2,Niedrig,16.5
2026-05-30,Short Term,4,SEIC,SEI Investments Company,87.87999725341797,0.69,0.39,0.07,7,Gut,6,Mittel,16.5
2026-05-30,Short Term,5,NVDA,NVIDIA Corporation,211.13999938964844,0.75,0.51,0.16,7,Gut,10,Hoch,15.5
2026-05-30,Short Term,6,MSFT,Microsoft Corporation,450.239990234375,0.48,-0.03,0.13,6,Gut,8,Hoch,15.0
2026-05-30,Short Term,7,JPM,JP Morgan Chase & Co.,299.3099975585937,0.56,0.12,0.01,7,Gut,6,Mittel,14.5
2026-05-30,Short Term,8,BAC,Bank of America Corporation,51.59999847412109,0.62,0.24,0.04,7,Gut,7,Mittel,14.5
2026-05-30,Long Term,1,NVDA,NVIDIA Corporation,211.13999938964844,0.75,0.51,0.16,7,Gut,10,Hoch,25.5
2026-05-30,Long Term,2,CF,"CF Industries Holdings, Inc.",112.3499984741211,0.56,0.13,0.08,8,Sehr gut,9,Hoch,24.12
2026-05-30,Long Term,3,MS,Morgan Stanley,208.0,1.0,1.0,0.25,6,Gut,9,Hoch,24.0
2026-05-30,Long Term,4,005930.KS,SamsungElec,317000.0,0.98,0.96,0.46,6,Gut,10,Hoch,23.96
2026-05-30,Long Term,5,FSLR,"First Solar, Inc.",306.7900085449219,0.96,0.92,0.54,6,Gut,10,Hoch,23.92
2026-05-30,Long Term,6,C,"Citigroup, Inc.",125.9000015258789,0.86,0.72,0.13,6,Gut,9,Hoch,23.72
2026-05-30,Long Term,7,NVO,Novo Nordisk A/S,45.58000183105469,0.26,-0.49,0.25,4,Neutral,10,Hoch,23.52
2026-05-30,Long Term,8,INCY,Incyte Corporation,96.73999786376952,0.68,0.36,-0.03,6,Gut,10,Hoch,23.36
2026-05-30,Early Play,1,CF,"CF Industries Holdings, Inc.",112.3499984741211,0.56,0.13,0.08,8,Sehr gut,9,Hoch,28.0
2026-05-30,Early Play,2,DSGX,The Descartes Systems Group Inc,73.7699966430664,0.21,-0.58,0.1,2,Riskant,8,Hoch,26.0
2026-05-30,Early Play,3,NVDA,NVIDIA Corporation,211.13999938964844,0.75,0.51,0.16,7,Gut,10,Hoch,25.0
2026-05-30,Early Play,4,FIS,Fidelity National Information S,42.9900016784668,0.04,-0.92,-0.13,0,Riskant,10,Hoch,25.0
2026-05-30,Early Play,5,NU,Nu Holdings Ltd.,13.130000114440918,0.2,-0.61,-0.14,0,Riskant,10,Hoch,25.0
2026-05-30,Early Play,6,MSFT,Microsoft Corporation,450.239990234375,0.48,-0.03,0.13,6,Gut,8,Hoch,24.0
2026-05-30,Early Play,7,PLTR,Palantir Technologies Inc.,156.5399932861328,0.42,-0.15,0.08,4,Neutral,8,Hoch,24.0
2026-05-30,Early Play,8,ARES,Ares Management Corporation,128.5,0.36,-0.29,0.15,5,Neutral,7,Mittel,24.0
2026-05-31,Short Term,1,CF,"CF Industries Holdings, Inc.",112.3499984741211,0.56,0.13,0.08,8,Sehr gut,9,Hoch,19.0
2026-05-31,Short Term,2,EOG,"EOG Resources, Inc.",133.3800048828125,0.66,0.32,0.04,8,Sehr gut,9,Hoch,17.0
2026-05-31,Short Term,3,SAIC,Science Applications Internatio,104.1999969482422,0.6,0.2,0.13,7,Gut,2,Niedrig,16.5
2026-05-31,Short Term,4,SEIC,SEI Investments Company,87.87999725341797,0.69,0.39,0.07,7,Gut,6,Mittel,16.5
2026-05-31,Short Term,5,NVDA,NVIDIA Corporation,211.13999938964844,0.75,0.51,0.16,7,Gut,10,Hoch,15.5
2026-05-31,Short Term,6,MSFT,Microsoft Corporation,450.239990234375,0.48,-0.03,0.13,6,Gut,8,Hoch,15.0
2026-05-31,Short Term,7,TEL,TE Connectivity plc,213.4100036621093,0.6,0.2,0.01,7,Gut,6,Mittel,14.5
2026-05-31,Short Term,8,MDLZ,"Mondelez International, Inc.",61.16999816894531,0.56,0.12,0.02,7,Gut,5,Mittel,14.5
2026-05-31,Long Term,1,NVDA,NVIDIA Corporation,211.13999938964844,0.75,0.51,0.16,7,Gut,10,Hoch,25.5
2026-05-31,Long Term,2,CF,"CF Industries Holdings, Inc.",112.3499984741211,0.56,0.13,0.08,8,Sehr gut,9,Hoch,24.12
2026-05-31,Long Term,3,MS,Morgan Stanley,208.0,1.0,1.0,0.25,6,Gut,9,Hoch,24.0
2026-05-31,Long Term,4,005930.KS,SamsungElec,317000.0,0.98,0.96,0.46,6,Gut,10,Hoch,23.96
2026-05-31,Long Term,5,FSLR,"First Solar, Inc.",306.7900085449219,0.96,0.92,0.54,6,Gut,10,Hoch,23.92
2026-05-31,Long Term,6,C,"Citigroup, Inc.",125.9000015258789,0.86,0.72,0.13,6,Gut,9,Hoch,23.72
2026-05-31,Long Term,7,NVO,Novo Nordisk A/S,45.58000183105469,0.26,-0.49,0.25,4,Neutral,10,Hoch,23.52
2026-05-31,Long Term,8,INCY,Incyte Corporation,96.73999786376952,0.68,0.36,-0.03,6,Gut,10,Hoch,23.36
2026-05-31,Early Play,1,CF,"CF Industries Holdings, Inc.",112.3499984741211,0.56,0.13,0.08,8,Sehr gut,9,Hoch,28.0
2026-05-31,Early Play,2,DSGX,The Descartes Systems Group Inc,73.7699966430664,0.21,-0.58,0.1,2,Riskant,8,Hoch,26.0
2026-05-31,Early Play,3,NVDA,NVIDIA Corporation,211.13999938964844,0.75,0.51,0.16,7,Gut,10,Hoch,25.0
2026-05-31,Early Play,4,FIS,Fidelity National Information S,42.9900016784668,0.04,-0.92,-0.13,0,Riskant,10,Hoch,25.0
2026-05-31,Early Play,5,NU,Nu Holdings Ltd.,13.130000114440918,0.2,-0.61,-0.14,0,Riskant,10,Hoch,25.0
2026-05-31,Early Play,6,MSFT,Microsoft Corporation,450.239990234375,0.48,-0.03,0.13,6,Gut,8,Hoch,24.0
2026-05-31,Early Play,7,PLTR,Palantir Technologies Inc.,156.5399932861328,0.42,-0.15,0.08,4,Neutral,8,Hoch,24.0
2026-05-31,Early Play,8,ARES,Ares Management Corporation,128.5,0.36,-0.29,0.15,5,Neutral,7,Mittel,24.0
2026-06-01,Short Term,1,CF,"CF Industries Holdings, Inc.",113.3000030517578,0.58,0.16,0.07,8,Sehr gut,9,Hoch,19.0
2026-06-01,Short Term,2,GEV,GE Vernova Inc.,950.5399780273438,0.68,0.36,0.13,7,Gut,7,Mittel,16.5
2026-06-01,Short Term,3,MSFT,Microsoft Corporation,460.5199890136719,0.54,0.07,0.14,7,Gut,8,Hoch,16.5
2026-06-01,Short Term,4,RUN,Sunrun Inc.,15.579999923706056,0.6,0.2,0.35,9,Sehr gut,9,Hoch,15.5
2026-06-01,Short Term,5,CLF,Cleveland-Cliffs Inc.,13.579999923706056,0.69,0.38,0.23,6,Gut,2,Niedrig,15.0
2026-06-01,Short Term,6,OMCL,"Omnicell, Inc.",43.15999984741211,0.58,0.16,0.06,6,Gut,3,Niedrig,15.0
2026-06-01,Short Term,7,FORM,"FormFactor, Inc.",115.06999969482422,0.67,0.34,0.24,6,Gut,4,Niedrig,15.0
2026-06-01,Short Term,8,AES,The AES Corporation,14.699999809265137,0.66,0.31,0.05,7,Gut,6,Mittel,14.5
2026-06-01,Long Term,1,NVDA,NVIDIA Corporation,224.3600006103516,0.88,0.76,0.25,6,Gut,10,Hoch,25.76
2026-06-01,Long Term,2,RUN,Sunrun Inc.,15.579999923706056,0.6,0.2,0.35,9,Sehr gut,9,Hoch,24.2
2026-06-01,Long Term,3,MS,Morgan Stanley,211.009994506836,0.99,0.98,0.28,6,Gut,9,Hoch,23.98
2026-06-01,Long Term,4,FSLR,"First Solar, Inc.",303.0,0.94,0.88,0.53,6,Gut,10,Hoch,23.88
2026-06-01,Long Term,5,C,"Citigroup, Inc.",129.08999633789062,0.91,0.82,0.17,6,Gut,9,Hoch,23.82
2026-06-01,Long Term,6,NVO,Novo Nordisk A/S,44.06999969482422,0.22,-0.56,0.25,4,Neutral,10,Hoch,23.44
2026-06-01,Long Term,7,EOG,"EOG Resources, Inc.",136.6199951171875,0.72,0.45,0.08,6,Gut,9,Hoch,23.44
2026-06-01,Long Term,8,NEM,Newmont Corporation,108.19000244140624,0.68,0.37,-0.09,6,Gut,10,Hoch,23.36
2026-06-01,Early Play,1,CF,"CF Industries Holdings, Inc.",113.3000030517578,0.58,0.16,0.07,8,Sehr gut,9,Hoch,28.0
2026-06-01,Early Play,2,MSFT,Microsoft Corporation,460.5199890136719,0.54,0.07,0.14,7,Gut,8,Hoch,26.0
2026-06-01,Early Play,3,DSGX,The Descartes Systems Group Inc,79.8499984741211,0.32,-0.35,0.15,3,Riskant,8,Hoch,26.0
2026-06-01,Early Play,4,KGC,Kinross Gold Corporation,29.13999938964844,0.59,0.19,-0.14,5,Neutral,10,Hoch,25.0
2026-06-01,Early Play,5,BLK,"BlackRock, Inc.",1020.72998046875,0.36,-0.29,-0.02,3,Riskant,10,Hoch,25.0
2026-06-01,Early Play,6,META,"Meta Platforms, Inc.",600.469970703125,0.29,-0.41,-0.08,1,Riskant,10,Hoch,25.0
2026-06-01,Early Play,7,NU,Nu Holdings Ltd.,12.989999771118164,0.18,-0.65,-0.12,0,Riskant,10,Hoch,25.0
2026-06-01,Early Play,8,FIS,Fidelity National Information S,43.59999847412109,0.06,-0.89,-0.13,0,Riskant,10,Hoch,25.0
2026-06-02,Short Term,1,RUN,Sunrun Inc.,15.039999961853027,0.57,0.13,0.24,9,Sehr gut,9,Hoch,20.5
2026-06-02,Short Term,2,CF,"CF Industries Holdings, Inc.",113.625,0.58,0.17,0.09,8,Sehr gut,9,Hoch,19.0
2026-06-02,Short Term,3,JD,"JD.com, Inc.",30.434999465942383,0.57,0.14,0.24,7,Gut,2,Niedrig,16.5
2026-06-02,Short Term,4,SEIC,SEI Investments Company,87.91999816894531,0.7,0.39,0.07,7,Gut,6,Mittel,16.5
2026-06-02,Short Term,5,FLYW,Flywire Corporation - Voting,15.34000015258789,0.66,0.33,0.19,7,Gut,4,Niedrig,16.5
2026-06-02,Short Term,6,NVCR,NovoCure Limited,15.744999885559082,0.63,0.26,0.17,6,Gut,1,Niedrig,15.0
2026-06-02,Short Term,7,NIO,NIO Inc.,6.059299945831299,0.58,0.16,0.25,6,Gut,2,Niedrig,15.0
2026-06-02,Short Term,8,PLUS,ePlus inc.,83.65499877929688,0.69,0.38,0.04,7,Gut,5,Mittel,14.5
2026-06-02,Long Term,1,NVDA,NVIDIA Corporation,225.0850067138672,0.89,0.77,0.23,6,Gut,10,Hoch,25.78
2026-06-02,Long Term,2,CF,"CF Industries Holdings, Inc.",113.625,0.58,0.17,0.09,8,Sehr gut,9,Hoch,24.16
2026-06-02,Long Term,3,RUN,Sunrun Inc.,15.039999961853027,0.57,0.13,0.24,9,Sehr gut,9,Hoch,24.14
2026-06-02,Long Term,4,MS,Morgan Stanley,216.3500061035156,0.99,0.99,0.3,6,Gut,9,Hoch,23.98
2026-06-02,Long Term,5,FSLR,"First Solar, Inc.",306.19000244140625,0.96,0.92,0.55,6,Gut,10,Hoch,23.92
2026-06-02,Long Term,6,C,"Citigroup, Inc.",131.00039672851562,0.94,0.88,0.18,6,Gut,9,Hoch,23.88
2026-06-02,Long Term,7,GOOGL,Alphabet Inc.,368.3700866699219,0.84,0.67,0.22,6,Gut,9,Hoch,23.68
2026-06-02,Long Term,8,AFL,AFLAC Incorporated,113.88999938964844,0.78,0.56,0.02,6,Gut,10,Hoch,23.56
2026-06-02,Early Play,1,NVO,Novo Nordisk A/S,42.85499954223633,0.19,-0.62,0.15,4,Neutral,10,Hoch,30.0
2026-06-02,Early Play,2,RUN,Sunrun Inc.,15.039999961853027,0.57,0.13,0.24,9,Sehr gut,9,Hoch,28.0
2026-06-02,Early Play,3,CF,"CF Industries Holdings, Inc.",113.625,0.58,0.17,0.09,8,Sehr gut,9,Hoch,28.0
2026-06-02,Early Play,4,DSGX,The Descartes Systems Group Inc,77.66000366210938,0.28,-0.43,0.14,3,Riskant,8,Hoch,26.0
2026-06-02,Early Play,5,NVDA,NVIDIA Corporation,225.0850067138672,0.89,0.77,0.23,6,Gut,10,Hoch,25.0
2026-06-02,Early Play,6,NU,Nu Holdings Ltd.,11.845000267028809,0.02,-0.95,-0.21,0,Riskant,10,Hoch,25.0
2026-06-02,Early Play,7,META,"Meta Platforms, Inc.",607.02001953125,0.32,-0.37,-0.09,1,Riskant,10,Hoch,25.0
2026-06-02,Early Play,8,BLK,"BlackRock, Inc.",1013.8200073242188,0.33,-0.33,-0.03,1,Riskant,10,Hoch,25.0
